Dinucleotide	Adenine_content	Cytosine_content	Enthalpy	Enthalpy2	Entropy	Entropy2	Free_energy	Free_energy2	GC_content	Guanine_content	Hydrophilicity	Hydrophilicity2	Keto_content(GT)	Purine_content(AG)	Rise	Roll	Shift	Slide	Stacking_energy	Thymine_content	Tilt	Twist
AA	2	0	-6.6	-6.82	-18.4	-19	-0.9	-0.93	0	0	0.023	0.04	0	2	3.18	7	-0.08	-1.27	-13.7	0	-0.8	31
AC	1	1	-10.2	-11.4	-26.2	-29.5	-2.1	-2.24	1	0	0.083	0.14	0	1	3.24	4.8	0.23	-1.43	-13.8	0	0.8	32
AG	1	0	-7.6	-10.48	-19.2	-27.1	-1.7	-2.08	1	1	0.035	0.08	0	2	3.3	8.5	-0.04	-1.5	-14	0	0.5	30
AU	1	0	-5.7	-9.38	-15.5	-26.7	-0.9	-1.1	0	0	0.09	0.14	1	1	3.24	7.1	-0.06	-1.36	-15.4	1	1.1	33
CA	1	1	-10.5	-10.44	-27.8	-26.9	-1.8	-2.11	1	0	0.118	0.21	0	1	3.09	9.9	0.11	-1.46	-14.4	0	1	31
CC	0	2	-12.2	-13.39	-29.7	-32.7	-2.9	-3.26	2	0	0.349	0.49	0	0	3.32	8.7	-0.01	-1.78	-11.1	0	0.3	32
CG	0	1	-8	-10.64	-19.4	-26.7	-2	-2.36	2	1	0.193	0.35	1	1	3.3	12.1	0.3	-1.89	-15.6	0	-0.1	27
CU	0	1	-7.6	-10.48	-19.2	-27.1	-1.7	-2.08	1	0	0.378	0.52	1	0	3.3	8.5	-0.04	-1.5	-14	1	0.5	30
GA	1	0	-13.3	-12.44	-35.5	-32.5	-2.3	-2.35	1	1	0.048	0.1	1	2	3.38	9.4	0.07	-1.7	-14.2	0	1.3	32
GC	0	1	-14.2	-14.88	-34.9	-36.9	-3.4	-3.42	2	1	0.146	0.26	1	1	3.22	6.1	0.07	-1.39	-16.9	0	0	35
GG	0	0	-12.2	-13.39	-29.7	-32.7	-2.9	-3.26	2	2	0.065	0.17	2	2	3.32	12.1	-0.01	-1.78	-11.1	0	0.3	32
GU	0	0	-10.2	-11.4	-26.2	-29.5	-2.1	-2.24	1	1	0.16	0.27	2	1	3.24	4.8	0.23	-1.43	-13.8	1	0.8	32
UA	1	0	-8.1	-7.69	-22.6	-20.5	-1.1	-1.33	0	0	0.112	0.21	1	1	3.26	10.7	-0.02	-1.45	-16	1	-0.2	32
UC	0	1	-10.2	-12.44	-26.2	-32.5	-2.1	-2.35	1	0	0.359	0.48	1	0	3.38	9.4	0.07	-1.7	-14.2	1	1.3	32
UG	0	0	-7.6	-10.44	-19.2	-26.9	-1.7	-2.11	1	1	0.224	0.34	1	1	3.09	9.9	0.11	-1.46	-14.4	1	1	31
UU	0	0	-6.6	-6.82	-18.4	-19	-0.9	-0.93	0	0	0.389	0.44	2	0	3.18	7	-0.08	-1.27	-13.7	2	-0.8	31
